model,roc_auc,pr_auc,brier_score,log_loss,accuracy_at_threshold,precision_at_threshold,recall_at_threshold,f1_at_threshold,threshold,n_test_rows
recency_only_model,0.49205857420956906,0.5008504956895402,0.24998444099733316,0.6931160641833364,0.4947048391183177,0.0,0.0,0.0,0.51,19735
frequency_only_model,0.4911162244759566,0.5003650072725804,0.24998599419184186,0.6931191714158119,0.4947048391183177,0.5,0.00010028078620136381,0.00020052135552436334,0.51,19735
monetary_only_model,0.5061824804628624,0.5090188778595556,0.24995931634465743,0.6930658333109945,0.4947048391183177,0.0,0.0,0.0,0.51,19735
Logistic Regression,0.49783304961358776,0.5056824252520618,0.25013634352503633,0.693419412032247,0.4950595388902964,0.5005051233944292,0.34777376654632974,0.41038991775634576,0.51,19735
XGBoost,0.4954565089944151,0.5007641571505685,0.24998389885959485,0.6931149800779415,0.4948568533063086,0.5483870967741935,0.001704773365423185,0.0033989803059082274,0.51,19735
